000e0e4377b576f422b3b93200a3452f.vir,1
00038db9d3a1b69f3b2804c9d1147b31.vir,0
001336847bb6fe47dff95d2d2f961b2d.vir,1
00219c5172a2f4a262b67b0baf26db72.vir,1
0048bf5699f6bcf8a5a6c609b9957333.vir,1
005781135e3f719814833fad71e928d4.vir,1
0049fce61eb713c27c5517eee0c19020.vir,0
0075c0c7860737c0a505b0cc20baac69.vir,0
0058f4465e72b5476806fe08b2472e30.vir,1
007ec560d68502f93aec77266b6fc8b7.vir,0
0052698fa66c296f8a865a27d8b89c95.vir,1
003178e1e7488013f1b1e1f675382713.vir,1
00afa6ab6952a8a5e5f88132a51dae36.vir,0
0099f93ea788f976e9767dc360309a9c.vir,1
00b31cc8b744964416f983e3380008f3.vir,1
008930f8d87d2c9a320dbfaa9b9356a2.vir,0
00c075973580a373fd7e707639d022ac.vir,1
00cc5e498052aeb3bf584982c4a5479c.vir,1
0084d7a7e98d77a6c867e0347f72a252.vir,0
0076402c6d8971b0e2e0cb55aab06274.vir,1
005bfc48ced9b90a20f16e94bc4151a6.vir,1
00dcd117b93f60f775e2bf8e381d901e.vir,1
00e095ce1797efe08912b9e7e3b63e3e.vir,1
00966d91e023bdc766c4843cd07e725b.vir,0
00d4efa123b45508b24adf5f7a1ce4e1.vir,1
00d56ad150c6b5c7d90a632ac4e92402.vir,1
00bc892694549a6305668e7dea33aaf9.vir,0
01237636ee48d790da0814423603fa82.vir,1
012be0a00d241529c8fe5761e4fecc9e.vir,1
0124ad06466e4f05d1ce40065c116ce0.vir,1
00e2698af36d78232e5dfd9ee8702dd0.vir,1
01317b12a872bd26af7faab36941c2a9.vir,1
012f13985cb5f283dfb96cdd62e40026.vir,0
00f06596e204cb7c948ad5ed63f41d82.vir,1
01308fa8e4ee330eb3e08abaaf4752ab.vir,1
0144b722098cfc59bf0fbd5fd98bc251.vir,1
01481deb168aaa51eef0501428c173a2.vir,1
01557907e40fec7f8e6585d9d654861b.vir,0
014b74bf21a3da0aacaa0e4dfdda55b7.vir,1
013fe4d935f7ce87fb66fdadc460a6ef.vir,1
014e9ec36aa822054f0ec014eb68c5ba.vir,0
00e505c3a3d613379c144911a1118094.vir,1
010c13043da6cba93306114f6c5e9045.vir,0
015ab251d37c08632c8d5e75caa26d3d.vir,0
00ff4a4282590962d336589fb2cbd2db.vir,1
016e44aff53be4f3d48452bd9176f6d7.vir,1
01921923d2a4b1e6e623aa7f591b4f4d.vir,1
016849ff39e0231b2c620a53bcae596c.vir,1
016a90cd503c818960b6df22c62584d7.vir,1
016f64d84996b9b314084fc6a1f21b53.vir,0
014d3ed1ba8fea7d6f7253ad555c893b.vir,1
00d05b142721796ed50ca1fdd6674aac.vir,1
01bee58ffd06705f8ec6b98a38bbafc7.vir,0
016d31bbed1e627ddf77c3fe9becbd80.vir,1
01d8c16e3986b008073253d778810bfa.vir,1
01a4815ff5d386668714900533d153e1.vir,1
01cd48492541b0a76fd857ea9ad223b8.vir,1
00d36d3c155f7198be48b992e40b17aa.vir,1
0180b168164e965250c573449376abbf.vir,0
01ef49f9c07ab7f83651d36d31a5b865.vir,0
0209ea798974326dea59ef3d31272f90.vir,1
02110f7e881f0dd8e523841d575c0ace.vir,1
0214b23e0fc534fa18bed4ce260d75be.vir,1
021274b72de037aa586054cc2c7635b1.vir,1
02022d2058e2fe8792dfcaf34618c6bb.vir,1
019b72c62ee7ca49c1624ce8d29ca702.vir,1
01f184da65a9537dd04f635ee28eae8a.vir,1
0237e9e3ba1c640e1732acdddceb305c.vir,1
0227c55c3a7735482277eeff09f011bb.vir,0
026b013ab002dcac76ac93f94c3253f5.vir,1
01c7a5cf4a4c7ddfb063de96da3a71fc.vir,0
019b14f7c7760edda53d1c5f6d356ff1.vir,1
026e67e9e504af94b2d885fcb6b9a709.vir,1
026ba8b099f6ec0edb4a8dd241b81ea7.vir,1
0214d3b86fe1a1858baf8fe71b15edfc.vir,1
029b9543eedadb6b07be801f6813dbaa.vir,1
0276ce3726c3fc8d5761b814ba3ed274.vir,1
011dba55aea069040eab9c572fc4c619.vir,0
0184efca57cf2813f60fe8a442921ed8.vir,1
02bd3160de601d3401c86923064a941f.vir,1
02b5a2d1ed851b8ef75e8ae6ee7aaff0.vir,0
029c3efd10f3f743a9e896205cd2fbba.vir,1
02f265ae0108a57658afc5c9d79f23e6.vir,0
02856f79ce77d7b0ba5594cac631fdb7.vir,0
00e24e7c21a50b434081f34610c7f05f.vir,1
02aa37e546bbcd1d8a30843278c6da28.vir,0
019505f1d7d571d96e79ddb753fe91e6.vir,1
02bd83ef1327ceacfe66b34a6b2ded47.vir,1
02cf500916f024e228a6aff24b71ab8e.vir,1
0325f93d5a4c40d17bf85660f4f78674.vir,0
03391e8fc7b80a8c82b34b266d3c9657.vir,1
00b6f87f25a9b1d5d238e2fc7ae8487f.vir,1
03334273b0c30fcdaea1daf00e7a2e94.vir,1
0346e536497d986d6c7e5c5065bb0d00.vir,0
03566fde0f9b10e0ae1f0e6c01937523.vir,1
02ee51d27da2081b58f0d5aa2a6abe67.vir,1
0364d3b2f0155d8d11ed5cf9588f6eaf.vir,1
033f8302995bce8d4f5b21a3692b89e0.vir,1
037df3d2116f58e9f1020b10236f42e3.vir,1
032848b3b87c4bed575d9bcb24ef720b.vir,1
037efb9dd7c94715033eaa27b3f09b2e.vir,1
038c070b1eeb5b2f877360cc71599014.vir,1
038e4ce5a15684223fb1339f58d00b7b.vir,1
03701832e25fa2afe5dcc564ad311bc6.vir,1
03b7be9e346661e5441de142fdc064f8.vir,1
032ab977f86da2fa10bcd9a2ac022e6d.vir,1
03c18f13e1aeffaf4ef7f1ad1a6b42c8.vir,1
03aabae9adc4c02a55f10eff26623746.vir,1
03b8478d7bca288ecbc5bc7cce7db152.vir,0
0391226eca1d3fcba62dffac51693df7.vir,1
03d5f681d67f334765a596914e7c3b17.vir,0
03c7e12b1d3b6217c34aac82de903e35.vir,1
03c27039e48b4912583f625aac921787.vir,0
03d757f715d4c8e9ba2b4060334481b6.vir,1
03cb75617e2ffe62e60d930e2b8fc071.vir,1
02f96bb9644186abeb2fb9c7e2de4322.vir,1
03deb4aae3c783892ee395ecce1fc415.vir,1
0203d4cb53bc2fc1fae196b35241280b.vir,0
03ea93ec0108d4893d58e9841d9e58f3.vir,1
03ed2abd964899cf903df8806efced02.vir,1
036b626d47baa43f95df36a1ecf80caf.vir,1
04229c897ce66294a4fc5d149188c37f.vir,1
040c4e2ba33a1f7c5a72b4bce22fd2ab.vir,1
04326ac09e7a23f28210fad0a2380653.vir,0
044e433b083de11acad9cfd2bc8277b7.vir,1
012c0658cb1963a65374112f783395d4.vir,0
041886a82e68d4038d7bdabfe300fc82.vir,1
04514eeb04fef740960d495c74a0fb89.vir,0
02412620a27373b91b4ebd17ef6c7d54.vir,1
0484592a009f36f7cefe3b9631d2893b.vir,1
0401325ea3b8939be0bc0f6c929ad14a.vir,1
0259cbcbe39cd8768747692e7b070b26.vir,1
00ea88e2ec16b15a95f772e20c5390d8.vir,1
0499c4e0ceab66a98bf5082fd3ab60e5.vir,1
048c2a3541d710c651ae9c3354ed310d.vir,0
0456c33c58c768818b4bbaf979723b2a.vir,1
04560cc05f000907e7440537e20162ce.vir,0
03624d466b8deb8a8ae13f5ca831de79.vir,1
04ceca652e879e6a00966809ac94123b.vir,1
04be2e93f90ce1e5e92dbfe0f6dfe7c1.vir,1
04ea8bf2c187526e4cbb22ca4515c08c.vir,0
04a9560c1ba416fc6adff4606340638d.vir,1
04ee2bc7ee95e00cd054bcd16d421833.vir,0
0085a456e7dd46ac7386b5c3eb7487a1.vir,1
04e5f31793d7ddbf4f49fcba28956b4d.vir,1
0505b5a578eb7699068842ac05bc6b6c.vir,0
051d356fd887331f360dedc4225dc03f.vir,0
03ddc413488db95c798364c8b4aa9243.vir,1
00b1b2cd840ed6968dea8a83e18270a5.vir,1
049a9c725f64b03e6da2fddc8147edf9.vir,1
051e47b6a6e5027c28a6fa8cdbc30718.vir,1
051f29ca92e50e6d849dacc3f7f7defb.vir,1
05092d9a4ea3e4f5a489c2c313b6566b.vir,1
045fcf08185fef61f1765c31601ca59e.vir,1
03ddf90b84f557148b1738736467f4eb.vir,1
05141d0ab71c727b5c171f0ac60f40f8.vir,1
05532cb0a84d839509891f31354c268e.vir,0
055c3962e78fa2cc92aa874bd1de0945.vir,1
04bc23db0e648b2a6aeaa0f5cce87df4.vir,0
0529450e20d9cf790b42da6484ec2dfb.vir,1
056bf79ec6bf423686ac67d394b5bc8a.vir,1
056c04012a484b193db9df09f552c692.vir,1
056d8805bd69cde629aa7b95d9528a45.vir,0
058a3d958b8b8a2244bf1c7990104302.vir,1
04b53eb7727f66fd86f6b809da816e65.vir,0
059103cc905a10970e668208dc2be0cc.vir,1
05a8da3290d5c32b64ae727a3f2f6b63.vir,0
05258cfe7a003c20ada4a28774d24d7f.vir,1
05aaa14970f52cf7080330c03056707d.vir,1
056e9258d120522ab394ce209c1ef5eb.vir,1
05637416dc4edeabd771a75533005eae.vir,1
04c16b1ff19cf16d6195554b1d279baa.vir,0
054eab31199240dab9d349b89643d3cc.vir,1
05c2f4e313a3c7f9a1086943544cbf98.vir,1
05e59305145c255cf189deb5d82c6c27.vir,1
04f099da6ba0955fe4e2989eb29b96fd.vir,1
05ae2963da7f8d6c0de7b8a14e52d34a.vir,1
05ee0be14aaffe55c293c1d8be5f34f5.vir,0
05fd7eb3ac2626faeb4d1b43d73e6ed4.vir,0
05cbe91546b6dc426a4ac64c515afa36.vir,1
060f5b3cf06dfaf6410d4f4476d0d9d7.vir,1
05e57b481e3ed24ee7178142aa38b3c2.vir,1
05fe7d8cf943c2ce11fe5a8714fe538e.vir,1
05e8dbde87d89ae84dad0e1c1347c8aa.vir,1
06349edf9790c6827ed5d5a13fe21666.vir,1
060c85235dfdef518e11b37940ca8128.vir,0
065280a547f8980b784b17de8968b67e.vir,1
06600343f96913c17e91c026f9956800.vir,1
03dfa2a54719717258979fe2dbafc725.vir,0
06734c975a602105be751ccbd7425b2b.vir,1
05b159ff5059837445ca9829e0f1f07b.vir,0
068959dcf3934b5d68f6ecc0acd4d772.vir,1
067f3d1c081bc3e9e53ee51323c045e8.vir,1
0530ca8f1ad46acfaf114d34aa81557f.vir,1
0629033ed4cc5a1122a42a9f25e67963.vir,1
06a3291919b9299ee4d0d89f4aa0ea3a.vir,0
03487f655e99a12df98d6a7b69bb53d7.vir,0
06b03f732769795840d860dab99e31c1.vir,0
06b60b4d8434d0ef0eec058fd0ce3551.vir,1
05d550c38a23ed8a7844c0bdae790911.vir,1
042c9d1a9e808eab96f94b404e976ffa.vir,0
052479f42b180d8c740804445366d167.vir,1
06bb7d6d860f9fe9d0881f380f5b9acf.vir,1
06da9b2d68e6236a7f9bce81b1708032.vir,0
069cb31fe0638593d1ee43e55abb7ce4.vir,0
02f4f79053460558b57a02c8a63eff1f.vir,1
06dc7763326d5437d36e00c2b1e32f56.vir,1
06ba55f15bb66db3e1323feb9a7d2609.vir,1
06e28041470f0ce9ae7fb7e861b1f128.vir,1
06d11db23923b44fd2b10c343745f1e7.vir,1
0702ec28e0f34ae02139f5c6172728f7.vir,1
05bdc9356354bba121c1bb932ab0f17a.vir,0
053934aac71ff1f4f03afecc81b53d99.vir,0
06e19eb22991ebc43cbaf2765d7a454d.vir,1
071f3d3c00184825228c8cd6ab828f2f.vir,1
0710f9097cb32b37bb8c018ff2073e1c.vir,1
07245367dc7f7d85a509710834d1c7bb.vir,1
06a88cb4c9f4c4bdac140cda7c21b0db.vir,1
071e0e0aeef32c91a85eff76c17109cf.vir,1
074234b0122b00188b98f51f4bd48bf0.vir,1
06fb832eb2ae871c0870e2542f3e9a5b.vir,1
073a426c09d4cfff0bb8b905127cbcba.vir,1
0715fd99b3a3be31790e6df09faa612d.vir,1
06e2311aa6c1f5ac282f4b46504443c6.vir,0
07722df89ce34e2c8d7ad96b29620747.vir,0
075806d23ede1a39b003c11a1b383230.vir,0
07852bc64cba8a5cc886b8fb15368679.vir,1
078eb7d72efd62bcb236d26fcb014bad.vir,1
0232c8100aad40cc407ffdbb74510c5c.vir,0
073de3514f50963e0708f73b9abbb151.vir,0
078374acdbff77e281abce9e0a29bbff.vir,1
07ad8b3ed8f137c67f7a3b6e71ca4ed7.vir,1
079ecd2ef64e3c499720bdd92ace35f9.vir,1
07882d1674f0a589673f33cdca13652d.vir,1
068939e383882b27e0365d0edf857f38.vir,1
0640a9fccd65a1451ab015ef1e2ddd80.vir,1
07cb058377ef5cda76113146dde9f4c1.vir,0
0672e9a8bc242e82859dd1b60d569eb4.vir,1
07085b7b2856174672a8770cc5f50559.vir,0
06abc245177d67db702d32355c1594ef.vir,1
07da732a0885990a035cbec578f8a1cd.vir,1
07dddd1937c6b229223dcb62ebfa52b3.vir,0
07c8be8860f16342da147c9e8bb9b298.vir,1
07582ad612d59e46dbbcee4edf823172.vir,1
07d6b16984c3343bbde3f559097a8823.vir,1
07ed61b2662d2ddb45ae09615ccfc47b.vir,1
07ff939f84e041b99eda69aa89031931.vir,0
0735eed0897cba96e6f57d03466b6b1c.vir,1
0805b80e7f0e0b9828a9945dcf572542.vir,0
07aadb9bc37e042c6568c3d1fde280f7.vir,1
0807b851d7dda0e4b6b40c762133f9c1.vir,1
074dffb6a1e125211428bb5de1ab132b.vir,0
07be42f1affa36abccd1a52d0341057b.vir,1
07e3be821dc2558616fe04fd9a1e5552.vir,1
08349dbb819c6155ce800fb3bb274bc1.vir,1
0837f8fd467c14a4e5f7feaa1284a14c.vir,0
083a174372ef1cb668cffb7326baee97.vir,1
0830144eefb63271d9a4ff27ce87dafb.vir,1
081f0820086996490d35e2b84b97c0bb.vir,1
085f64e73d8ff20f4acf59a9df471263.vir,0
086d48dcda97e65411ff7e5998f26b11.vir,1
07f5b7674108bdc48dd8a3db782cede8.vir,1
081709a1f90f17fce7eb2a4d4f7e7368.vir,1
08794d6e57bcca13b7136bd36a3a2b8f.vir,1
08372d4adb4c8c3ed5a9d3b83a34dcd4.vir,0
068d2fa8151a374fe07124a1c7de4968.vir,1
0816b678bf95acd3159ba2bd8387e61a.vir,0
0638672a51fea9fc8456249723f3eab1.vir,0
088db103b9035299f87f42a7995c9054.vir,0
087b97af05a6d2d202aaad6169a6e4e4.vir,1
07e0b6f16902d4da30803a50d437e7b7.vir,1
07af31ffc3b6a26f8788d1b90e33fd01.vir,0
084ba2638fd35db6ef683caa5a19e9d9.vir,1
087b1b9911bbec5e59fc682ab018098f.vir,1
088f54711f5832ed26ac870425bc8f30.vir,1
08ccf74cd3fc6d51563d256a36543346.vir,1
08e74aec5dd8028a9fce965e5ab1a746.vir,1
08e4bb8e2b415170c0e69f6ca4f7d0fa.vir,1
08f317a0b9f68b2cb9fbe620b4557805.vir,1
07c6edba5608c00e28545557cf68b143.vir,1
0900ab12325aade07e08c10e54ba3d2b.vir,1
08f63bbff25888d732ece22cb77cdb73.vir,1
087b880b6d485e69be541bb193886a95.vir,0
08a606f0713b46e7d9b0893fd79f65a0.vir,1
0924c1ce804751d2b3d071cf1364aefa.vir,1
07e1b1904a166770d8f7d5ee82e957ab.vir,1
092f58023762b61e419b6dcbb51a9ba8.vir,0
0920a080dc5d55a979e4c70fbedb8ef0.vir,1
09326418ea35cc63daac18ea2d506201.vir,1
07c89ec24910aa39a21a3df65335afe0.vir,1
07dc5abde5d5751e482421afd3a99259.vir,1
08474e26f7b02b9fd31bdad59aa00cc6.vir,1
09548ae99fdb29fe6af6a7f35b6fb824.vir,1
086eeb098bd6d55a3db14b43fca14dd2.vir,0
08f73badb82f31f8525c6c63959d5369.vir,0
098ae3cf07e3967573badaf9b8e1ddbe.vir,1
0973f9ebc7a6a5ee077c5639f89448a5.vir,1
096fd17a51e09ed358e3414da1a83bf0.vir,1
099c6ab99af6d512b88411eb45838d38.vir,0
097c064e79e39173d0c33756aac6b34b.vir,1
09a91c60d271c7a1a9784ade7c97b5e3.vir,1
06c0b4b4c396455c1faa9a3f8a7a2f78.vir,1
09a95ae1ac1890684845b83691ea0345.vir,1
09aad2e8b0d8f0c3a7caba60c2aff5f8.vir,1
09930e027232504f35d70275ab5e55b7.vir,1
09ca194d4558969ec49308dcdbeda154.vir,0
090275c47f577e43551be9b38419ede6.vir,1
099ae0ff51ee44253c15b7a20c166a9b.vir,1
0927c6699caff2119b285497834b1904.vir,0
09d05098c1f1d1ba4d3f8c4ea21c6426.vir,0
09cb5dc2eae4238229b905049636c566.vir,1
09e830c2664d43349dd3d7506fc673b7.vir,0
092c919137d472d709f281ae1d1f6e85.vir,1
09afc6ea6014bbdeaf769518dda8ea69.vir,1
09df187a0d65056a0c9eb78a2aec88ce.vir,1
09ebb72c520a7e1efc02ac33d87a8eca.vir,0
08d44eaf8bfa7aff422cf0b33f0c3aa0.vir,1
0a033f0ed9abf647edc67d1bc5702b63.vir,0
09e9a6d70da5af5485a690374ef49568.vir,1
0a097a4d4924d09a2829347aca5142a1.vir,0
0a0f17838b1cc7a697851e334d725096.vir,1
0a05bc6f937670dfbc6a3e85d78881e2.vir,1
09ca66e9c6687afc7dbbccfe47f5f779.vir,0
09f7a141219812b1caa5db9af59e4933.vir,0
0a1afc011295e6b1d4e5d088f0f9493c.vir,0
0a2361383035da464bb77704ae927606.vir,0
0a3d971d5ae25691b02fd642378a6f6e.vir,1
099e56141453a12707366167bb8d5713.vir,1
0a4311c05f233f775ccb24b9110d0e76.vir,1
08bde3aa622dd0abfa13e201a9b43e2c.vir,1
09ebae15beaa8f66ecf35c722be604a7.vir,1
0a1e11a26910bd69edb9c96d1b1b6b61.vir,1
0a3cbd42e120f6e914ec163bfd48f6b5.vir,1
0a758072bc4823f16cee8122cba37d3a.vir,0
0a59437f9042f7bd36f7ab328ca16fd0.vir,1
0a9fabbd0d68190059f40304a3a3115d.vir,0
0aa2952bddaf0cf1daeefc998fc544ab.vir,0
0a0234474030cba41d12d277d021335b.vir,1
0ab498d90aae234128b6ba716609893e.vir,1
0ac7fe82bc6bdd21c81b37e1f62ee73d.vir,0
0ad986ca879d61720bef78432f17bd75.vir,0
08a98bd3c7f5a8a796decb9979cef3a1.vir,0
0abb234c8c52a2271c054c92a1568b71.vir,0
0ae4bb6d16b8f15aadb2317c949db860.vir,1
0addf6ca49672094db3f94040568c3b0.vir,1
095dce6a918d753bd24117f8efc25c99.vir,0
09da2ed3720679358ae589fb3b5e81ac.vir,1
0b08d4a6ecb60fb8bc34f3e266324c94.vir,1
0b0a9b56a91c807b5a20a54c8794deb4.vir,1
0aeceac2c42a680e08f20a9570f63f80.vir,1
0a9d47b65236fab4a03e34e261a44988.vir,1
0b144015063f83fd9a215527660bd9b5.vir,1
0976fb0a7bab54dcebc71ea5bdceb3e1.vir,0
0b151fa7169d951e8ec8bf1da996923d.vir,1
0b37eea7eb6a170fec28c61b0eeb51b0.vir,1
088db7dcf3b375febb7cb3855a2a3edd.vir,1
0b1550bee35ab199aa6400195a9701a8.vir,1
0b1535a25bfb9fa11e8a1209b0db8c9e.vir,1
0ab6fbee95344c60720893196d4cab57.vir,1
0b465f416009d186c459923ae9aa7572.vir,1
0b6a0e6a09dd8c4831c133f601f7205c.vir,0
0b709745953559f04987b050b442b783.vir,0
0b608a2731ba26082b9d8a1ed769d284.vir,0
0b084abfe3d218cf76e608e5cacba523.vir,1
0b88522d7bee57e933dd5dfdeee9a612.vir,0
0b029ed3097adcfb330e744ff50d32df.vir,1
0b52818d9e2e28549fb422dda60dbc73.vir,1
0ba674447562f746c45905e77699587a.vir,1
0b5d10b5a2f7230500ad13235bacee02.vir,1
0ab44c7c85c8e4c7d47eafc03eb8b23d.vir,1
0babbc6bf8bf53295673c310897e5419.vir,0
0ba6c24f053b96f4a351f5238a5195f2.vir,0
0be3d7ce71934c589bac7f37ca18413b.vir,0
0ba3b74c35a8cac2d98006c6e9e3e4d2.vir,0
0b12986b9037b6499b7dfac975ee92b0.vir,1
09b0d22e43f20c20aea539d137b35f7e.vir,1
0c0415c60b5998647821ffa5da0ff17f.vir,1
0aefa0832f61c150b3bd6dba17b289ba.vir,1
0b7c7736dc4677f11865a3f6c24b3584.vir,1
0c187c1768af6bc3dc37e988296fc06c.vir,1
0b9c015ce0b05c486a932e4831723a92.vir,1
0c2149598be3cd130cbc6f79f1413fc7.vir,0
0bc873c28eb0e00e0f29f8401d2b78b7.vir,1
0c3bc5139af1b7040f17e1f49cde5e33.vir,1
0c42f8fe97312bb12f8f813dcd81657c.vir,0
0c3bd80842812db5a25677d8f29b556f.vir,0
0bd46ae9aa0cc620133a791f028c59dd.vir,0
0c479b4ba28b021f811c495cd0376cfd.vir,1
0c1407f0a415f2c0ddfc023a671b385c.vir,0
0c5082df77500423fa6ec1bbba1c0153.vir,1
0c64cee1984f0b2f768db83bd789a0c3.vir,0
0beb2da01575d5d78c9458950e41b854.vir,1
0c0dc4d5fe4cdb7a07ea180477b3cf56.vir,1
0c5e8fe6e4a2697488c61d3c4eea76cc.vir,0
0b3ca548aa493a3f1481777596a00582.vir,1
087c1d16f65083bb824012d963233b19.vir,0
0c98658cf29c4db25555733c681f9169.vir,0
0c9d485b59a684914c0c15234f12bdc8.vir,0
0c9474f3613afd45b1f7b5e2e925287c.vir,1
0ca7345b97a180773153b4964c6669f4.vir,0
0caedf772c07a71075d12ae9225fe6ce.vir,0
0cb20410cc09fb4e5595349f35c08a7c.vir,1
0ca38542e80446ea862efd10a02deaa8.vir,1
0c8dec2fd293ba2d8f7ef6c7f216a8bc.vir,0
0cc5af26ff207b630b6be05d98a6393b.vir,0
0c056a27f643a6c1fee98a9ed6f3c137.vir,1
0cc72ddb125f238a83e24237ab050b8d.vir,0
0cce674b5528dc879d01f0a9ad3c2e94.vir,1
0b7433108b554fd9d82721283925e055.vir,1
0ce3ed63ec37e82057c11b6d4b540fa6.vir,0
0cd09a36c95a231e92a85127898cbeab.vir,1
0cef4966d130806687055dd50022f9df.vir,0
0cbf9724e587c09cd90e000d71f89d76.vir,1
0c43048436fdc46d74283821b924641f.vir,1
0cf0027ae8f07c9e925329bb94bcc6a8.vir,0
0c4898398a8d0c9dd7927f9e10d6de2b.vir,1
0d102986b33d964d7b28a85561d9bfd1.vir,1
0d1edd8661c2406868dd2f9ca5533eb1.vir,1
0cfb467874c6616fd93f312e5dede760.vir,1
0d272f15a2bbec3eac3dee4c05236263.vir,1
0cde54d9abb14962d0a459376d1e74e1.vir,0
0bf0444e65d279188f190b744a3685ed.vir,1
0d5d3649ae9d770468f9ab5ca5c143ac.vir,0
0c96c4d08f5b6b86809ad933fbec3f29.vir,1
096f64e47d2e9c7f60fbbc2a86286933.vir,1
0d6cfcfb2428c92e382b41c1c9de9918.vir,1
0d6dcbf2e0409e33dff2df1af7b5d4c0.vir,0
0d6736ff06e145bc361122391c6ac3eb.vir,0
0d2ec309c0ced8615e7427fa661e70b7.vir,1
0d661ec99892726ab88f8e90513b6c69.vir,1
0d8c28d81ec4ca2d0b0cc741762cd95a.vir,1
0d71c7388b7b86ddcd4a6ffaca897a46.vir,1
0c7d3413da51938202aaba47f238bea1.vir,1
0d3d2537f227f95a2f4f342564aacf8e.vir,0
0d96a1a4c3acfaf2cf285decec08d8fb.vir,0
0d71c9d67dc4f9e591644502dfd7f5ae.vir,1
0db95a71358bebf7696926cd6c841b6d.vir,1
0dab489d3185041d9d83eb047599a385.vir,1
0dd8623cdb97ed2ff7253baa857044cf.vir,0
0de98ac2ebacaabbb7c096cbbe1455b0.vir,1
0da1ae05fe9c12de490781f74ba408af.vir,1
0df6a2332799c687f79c3a88de4a9048.vir,1
0e005e4865d7a4b85913384a94c21f23.vir,1
0dbdbe05ccffbd04a09fe2a76b9d35a4.vir,1
0cfaa63b6e7ca7190cd8b7fd389cd9e4.vir,0
0e0c594b430a31893275968fa794381a.vir,0
0d92b8a18471e42775a8ef57ad9c37e1.vir,1
0c5e91e775c23d7fcfd174a6d55b93af.vir,0
0e06bff88dd843fa05f18399af316160.vir,1
0e3437c3fe242b8632ed1a43ce6c0b90.vir,1
0c8d96fb300552b74c2bbbcde6154c5a.vir,1
0df565dcc2ddd9b3ed5f7a6749c35b6d.vir,1
0e46295a6323ac682353b635eacf2c1e.vir,1
0e4d01dbbf4b4a38dab2782f342b4f53.vir,0
0e40b11f61edfc1b8adf4131704c1475.vir,1
0d13a0aff6e743b88f5b57718e7e1feb.vir,0
0e35fdbee08d42f71dd88b5e37bd7b89.vir,1
0e70aa48d2455f39f52fd2899b9a6ffd.vir,0
0e72e91b1496426c60898ccb06d42afa.vir,1
0e6af27c3c3b0e462278c5744ef937ca.vir,1
0a5e98430c8507567a5f44e6384d2b1f.vir,1
0e8efc5de72fe81454f2b161759efd74.vir,1
0e94d449970d74186c3258c6b4214c82.vir,1
0ce239150772484f553d796d392757b7.vir,0
0e9e09e73c3ede74c2fd095c4ea64f39.vir,1
0e421eefe2751f13d3b353f51853bd5f.vir,1
0e855f7fde7f2652743ae7ba772a087a.vir,0
0ea348cb67f4e12fcefb4d5f06625042.vir,1
0e7b040714d0eb18794e0715503a7b40.vir,1
0eae9329535b56e33d9f2804142b05ba.vir,0
0e726bc999d9e4202f453b2dfa14795d.vir,1
0eb34bcf0bf7a53af72b0c5ac783dbea.vir,1
0e708842283551235cd87d4efc5d77c0.vir,0
0eaec4a26c9a4128530941641f7d9a08.vir,1
0d8a1d43b82016d081da2392ec873892.vir,0
0cf6f2935095b40c1c99ace664f3da4f.vir,1
0e04f36c1fa82c58417c5011c7beac92.vir,0
0e415c5db30706547241e1a278e31073.vir,1
0ed8a54781c18274ef40c0a53a978e71.vir,0
0ee915dda2598f38256a705a9b7dd19b.vir,1
0ea2f40b76a2aad3e1ad357058c26a6c.vir,1
0e73fd77ed99521504623f91a3f63e6e.vir,0
0f1659e84fe97adf1dc6c870d9afc13c.vir,0
0f23733213cf34100987a6aefc039c87.vir,0
0f11c026619f348d21f532099014d6e8.vir,1
0f1ecbe7ffd8941ad44e5caa9bb9d8c4.vir,1
0f42bcc3c6de9288e43960dff3fb7426.vir,0
0f250a8ce4108081076f9d5ddd0d0639.vir,1
0f2f857ecf30334f9604aca9c9b72c47.vir,1
0f49f75baab5e3a4f71a75a960f1521d.vir,1
0f4d564809ada3dff8559346290dccc8.vir,1
0ddc441845d21e8f75c16d93c796f972.vir,0
0ef4c9415370e06f936fe7aa24a71db0.vir,0
0f51c9fcf2da9ab011f55020e7f5d4cc.vir,0
0f51a116123ace50544d6bfd7d502fc9.vir,1
0ef8d7329042da5fb9ca5b84fd711c7c.vir,1
0eb7bc00f88400302d3f88020295c2e8.vir,1
0f75ecf7dbe261b6622cc01575ec84b3.vir,0
0f44d49a6e84230b9b3327bcaa5c08f4.vir,1
0f781ce817d984d6df7b58b74962b775.vir,0
0f105c2ff15860c3ce58ec95ce8bffb7.vir,1
0f85182dfbf7451822fac81497d1e79c.vir,0
0f53f3b96986ef9faf58ae6e20242249.vir,1
0e95cbd69e8e885e58c4d3f69b3c4946.vir,0
0f98de9b5fe0ecb476965612617fab7d.vir,0
0f4779cfd5358f178d148150f6a1bd89.vir,1
0f8c976eebdc934e0bc90e313f126d74.vir,0
0f4e67e2464063da6f7f69b8723ad03b.vir,1
0f9de30700ae2ab01ed7bb103aa8661d.vir,1
0fa386b5b268390e0b729c0b318fcfad.vir,0
0fad48993f7b05f268cedfe5a81ba22d.vir,0
0fb262e8d350ac143bc3a16413a4aba6.vir,0
0fb1def45fcb2059db9a174ae5c53bf6.vir,1
0f7ff7805d5de85c27a6aab4a7049e49.vir,1
0fc429d923f16fb3b81c79ea839c20bb.vir,0
0ed1147b5a51a63d8f4d5bc407c098a3.vir,1
0fcf62df661c23e1c22622558d174a30.vir,1
0fa29cacc5b5bc4dce9a8c7a6ab2ed89.vir,0
0a59947ef061786e9c77b7fc54fbe71f.vir,0
0ff9b9753c08320c4de681f49b974a83.vir,1
0ff07a2df8888b258b7b9ac10b305d8a.vir,1
0f89402077bed01f8c3d56bbb25ea136.vir,1
100d8389f6b5ca74edfb728e2ebf3635.vir,0
0ea23f1b512742f8e2aebdfef99f2bc7.vir,1
100ff9d53e0f58f7a5f0349544316e11.vir,1
0fa5cd2ecfe0a46d0b2de02a31f9403d.vir,0
1010be6050a9dbd23bb4dbf46f3ec696.vir,1
1011f18a80b5eeb56731049342e75e74.vir,1
101e3959aae258a6d61d20768f0cb072.vir,1
1000c99a02b6dd0f3ed7b48620dbf542.vir,1
1028d02ce643ec64653ec4ecb5549aeb.vir,1
0ffeac830ff2c692e31587ef19078de8.vir,1
0fcca3be8d015072c2d7fd255662f089.vir,1
0ec099a3ee833defc7b339833be987a6.vir,1
0fdb9642e7f7220e8e72b37add1c07ba.vir,1
104166ac3469ee609f9c6a96a43f2244.vir,1
10145ddddc686352585d9f516d613f19.vir,0
1044a4d266852937e017b3990e575a76.vir,1
10434b904aad78ad9371cf756c0f896d.vir,1
10436df18b3e1c7d86570db76f0b00d4.vir,1
10224ead5bc7eded55542abd456d5eef.vir,1
0fedf880521fdda42df6176040f9b5bd.vir,1
1054f9309e3a83a805e3bd50c615abd0.vir,1
104ad1b1ad466dac7f5035ba8d21e29e.vir,0
106a59d6d333e502e49a9dd0d6dad5b7.vir,1
0fbd0300951f25622b7458be316e04e1.vir,1
107351dd6f6969b41a8a582c5a893617.vir,0
103401b25344f99e72facbc6300c63a3.vir,0
10721dd30acaf26976dce4e5e8531891.vir,1
108b0164b68bd5dcb8a966ea5fc77a42.vir,0
10da2036cac17055a946294210710422.vir,1
10e5378aa77faa87a0429c15766e7777.vir,1
102c77ec93f0bd756e9c7136bfe9678c.vir,1
10ef12e924d521d6074ef57cad13584d.vir,0
10ecd96db8a20282164b7605e7938d21.vir,1
0a8b4687bccb5b1f3df2a755edf1bc09.vir,1
1062d8f914bf3531683f821ae3522d36.vir,1
108a9ff9437976584d2d6b86585aebe3.vir,0
10f88d603e66ea0dac0598e3a962e2d7.vir,1
1086021e6004f19e2ed9937a401317d1.vir,1
103fa64bd31e5e4ff403e59cb99dbe8d.vir,1
1120e737ed9ad6fec72aece3b72b42dc.vir,0
11122d24f385eb9295bf3550c5cf4c38.vir,1
1126a4e8321dbce6de4aa68e3b2e9acc.vir,1
11279fff7b7ccf9a683bc1c0935fbf13.vir,0
11214f26115c948bf5af731c5d063357.vir,0
11367a6fa32d386396a42c427ce32e49.vir,0
111de1a9c25411e17619b2fbac9deb2a.vir,1
112c9f39074d81bafa18b8075cd357c5.vir,1
115fe0360fad3304ed86542ee3649787.vir,0
1044e65c9254b20ba783d527e6cf66fb.vir,1
10469d44cc60e40789d7654c8be0c46a.vir,1
116d7a4e582e54df0875aaf0aaf34c50.vir,0
115bb5957fdeaabfe4c8a0b564b10512.vir,0
10fd3cc770f819a8ff53e43eab332624.vir,1
0f56653632fb21a500407bac01a4e76b.vir,1
119a3523abb8697cdca1b94dd8bc34ec.vir,0
116421eff0333741a8adea473b0665e3.vir,1
1148940f34290e0e4f536591c06213e6.vir,1
119bf5bcf6dc700018f0ea78c32e560c.vir,1
11bb588f542a851dbaff1e8a2828d689.vir,1
11bec41cbd3c250cc634f9adefd509cb.vir,0
0f7886e11fb3a1a937d127acd30e68d2.vir,1
11a3873b669b402c157b9377bc0305a2.vir,0
11d8a0f7aad9c0efdc5f8e7706ec79fc.vir,0
1179c735c8354ad2f216137716fb6c9b.vir,1
11edc01d5aa7193800b685e7cf0c76d7.vir,0
102626cdcccb5d475cdb22b501785fc0.vir,1
11a78956e50c6e69d8f6fffb1bbb7adf.vir,1
1201579f8c40b88a8164927787ea730c.vir,1
11f3d158de8c85875b6e5370a929c42d.vir,0
1113a22e0487b9b18be170e9cf37acec.vir,1
10fba090ad884ea6d4e445b20aa203ed.vir,1
10f5e4d16a64836af7b2eabc217158da.vir,1
11cc4f7a7bf79edc4e561a4da7359520.vir,1
121989ed78c6de00be8c809a986b4686.vir,0
123f9039bd07355b7fefd0c9be4bcd53.vir,1
104e5cff245d27467328fae4d62b5b8b.vir,1
1246cd410dd75e64cfa4214a511c7955.vir,1
124c76bd224d4cb27aedea3cb2583fb2.vir,0
124808cbf8bf1d8bad61dc199d4198f1.vir,0
1213598eb390a148b436adcb3af26731.vir,1
123807eacee09d68fcb2e1c5ca356ab2.vir,0
12726e1e4070952b60a2ff2dd9b80436.vir,1
11c92279e95739616943e0b4b26830ce.vir,1
12520ea8b3a5649549a02df411dd4792.vir,1
1160cf9c26531dbe9e3e08ae62d4f567.vir,1
1264fc7f136a9db91627347236696608.vir,1
121de603ffaa8cd470d070f53d05cbd4.vir,0
1275c78971a719cd59a3784013739441.vir,1
1296c5a6e0ca6941309b4ad6a3425e1b.vir,1
128b04f028c6ee9b28e3260d357f0844.vir,1
12814be0981355db56ba6328f56fbe44.vir,1
12a24f7cb4cf36a09640c4fd4c1a8bfb.vir,1
12a80264fe6edc31edb5b6b54a2c8289.vir,1
12a92365fd1245b4824a1d8dca56f3c4.vir,1
11a4c97df4bbc3ba7a3ca3d8976f920e.vir,1
12b8709e06066a2c22cbb06abf4072a8.vir,1
1183fc1c1b7f330ab84276cc696340a5.vir,1
12c6a5164751a2fb844e677639c7a030.vir,1
12d9b396ad21a5e26cefd6bf392872a6.vir,0
12fc48c79d3410581e4d4a8918bf14d3.vir,1
12ffbd04d58dca813b5fa250294059a8.vir,0
1278d59228e7490a60c813ef801967cd.vir,1
13041b7fa3cde645b305206df4f62a5d.vir,1
130db46b8055f5c1390b49983acc48e3.vir,1
130abfaf36c48cbc1e4e9bf7644a36e5.vir,0
12af298afe4908819e71bfa3470ec58a.vir,0
131e83296dad25f71115dbb61664aa32.vir,1
1331f933e6ef38f052abf537dc72c7c0.vir,1
121815f9237bedad471432eec1fb1468.vir,0
129e9b3634a1b984da99aaaef313dfe2.vir,0
1334c3c1c4d2193c4feb62ca63b124e5.vir,1
13411d23ed98c951da1078976d346634.vir,0
1332e0a424f1192c767567d3c8a88bb2.vir,1
1349c58c8e1f781b2bf400679c11e0ee.vir,1
127425fa2118ce0e3e95528bc1236c4b.vir,0
1311ed2596d325e16f98b39fa0e7792a.vir,1
13564b1854fab0b32ae0e34eb46216ea.vir,1
12c3ab3bab135a2e601ce4f37c676aba.vir,1
135f058d158428a260c4181ab0725946.vir,0
122a5cc5c068c5060c9ce27fe2662ef4.vir,1
132b068b51774dbb4ca59b392fe1a4cc.vir,1
13418bbb2e793aada6779356b0cff6d0.vir,0
1369e9b2ffd8997031eb4f7a66d92b4c.vir,1
13701540d7c2cd678062a4e8c3f3d283.vir,0
134bca22a071a3d1c772d10270df1f6f.vir,1
137b4163941e5566f7864a9eae62d741.vir,1
138852c0a550ae4bfb09a0c7b12558f4.vir,1
13873b41af37b0504188f6a5ed2319a9.vir,0
134be29416e9e455d9bab33407778345.vir,0
13a3fed8511bf544387efda31b35c1a0.vir,1
13a540e74199d2ba98878bbc9be3787b.vir,0
139f0d30259a2867129385c24405ff08.vir,1
12c341903904feea240b125375f73926.vir,0
12726a226898086450199d07242b5e42.vir,1
1367e411796e34825216781322dbd1ce.vir,0
13b02b11a0a622d1ebfe26e7080ed774.vir,1
13f3af0ac7b2a78270d11b2c4538e5de.vir,1
13f533f8ea54c667142dc4dc9cafe9ab.vir,1
13c7fae787b6725d38695f14abf58f64.vir,1
12740eb79713010101eb9acc0876bfb1.vir,1
140886cca2f9ed262417597ecc648263.vir,0
13ec582a759e0d25444ba6264c34ab10.vir,0
141c6be239bfeb123f980d4735134f42.vir,1
1406312e3a4778b8bb6be940be6ee203.vir,1
13dc3a146d7031b94f494166dc9e1395.vir,0
13c55bbb015a74a087b3674a2fe17eb7.vir,1
142153ee7103527c7d077b2a1ef0afdf.vir,1
141f77d4b494cb84441ead4399994ff3.vir,1
142f0d28f9c8ca427b6aa4f332fb8391.vir,1
142fc16c5f8faed3449b4ca4690c9c72.vir,1
13682bb92272119668cd5d418998956c.vir,1
1366ff4f81c662378718155e05e7dbde.vir,1
145754b99e4561fd2ccd923ea7a97cc4.vir,0
121f3da0e43889f0bdc7d89d7ccb74ba.vir,0
145e58a0924a935d4044c851062e73af.vir,1
0f5928be04c41d06cd60f7be9e480699.vir,1
14679fdff62518d47f805d8d54725dc7.vir,1
142fcc8091da22238b3aa2b5a1802101.vir,1
1459741c006f4d3ffd1713dc7acd27cd.vir,1
1447f9983a75e25dd2bd452b47de17d4.vir,0
1401de810309dbd374ada6459c42f22b.vir,1
149c28003043d470c3fed939808bafb6.vir,1
13368bca9169ca0aa4746ad3344b7799.vir,1
14a5a4613a5e4abb18b6de3b68a4aef6.vir,1
14b8a05d760bb23a7f3152edc16ddfde.vir,1
14a2301c58425ea5e5fc11afd7092c8a.vir,1
14980e027e96ce04b4e9f6f04e9e6f03.vir,0
1451cd2b57cec0cf1c2d72b8aa02e6e3.vir,1
14bf28bd6cd429f7dfb5b8d11ffbf9d6.vir,0
14dec46ac4c30cbbc40997cc5a0587da.vir,1
13fc1f6c5015cd6c3c8c14c7a6ad2896.vir,0
14cff3517c1588cb166b157a1b2432a4.vir,1
14e5d40271841bd86843c93641236d3b.vir,0
14eefc5f76f9b9fb6465ac0794a88503.vir,1
14e04f04156ad250026765297b205f77.vir,0
14f8c850ae943ea0616b34d077ffbe9f.vir,1
14e32c3b6128df52598b962c22902069.vir,1
147a3ee1f8ba63e33876dd85243ede05.vir,1
151f37332314b9486a6f7bf426e44e76.vir,1
1426302c19a3bd10a7e0f27a6508b4eb.vir,1
150973e634db6402ba963f8228a7f9b5.vir,1
1535475d33a2bff30239a9ffc46cc69d.vir,1
1495dfc3bb585834ecdea3a7fb51c4cb.vir,0
15483804c365352d150f7178e509b330.vir,1
155d6a096016ae97fd7a85d8cf7d7810.vir,0
155a140f2fa926d7d0178f3c669c3c1c.vir,1
150f2a5022e4243523e44e997ee9c79a.vir,1
157390a4d828b0b9fbbb31947e438636.vir,1
0ecffd227fd65e6a9d946960b3121a6e.vir,1
1568089ff51f73692d5f1d74f4e2a452.vir,1
14b9fb1dfce3d6110627286c17712b6c.vir,1
15607a664591b143836a27af94680a20.vir,1
157ff30cf4df3c29314f4decdd2caf3b.vir,1
148287bfa8961c41264ab03e5e3af5fd.vir,1
15a72de1bb09e68ee848244411099f57.vir,0
1592a26fe3015852faff7e230de60cc8.vir,1
15ac69c59d92c7cdc9dc27d2247e67c8.vir,1
15ad7491ff356eed78f50437d18271ce.vir,0
15d0240b6ff64f90580219ae6b377d96.vir,0
15d71ddfbb34db820819fb91ba6d7c1d.vir,1
15313ec195f590e3c603f070bb7803e3.vir,1
158772ec6d813757fee5be4c13708de4.vir,0
1581f5d02e136971c12d122a22c0a719.vir,1
15f9b3128bd23fe6492fcdc84c383ddf.vir,1
15fbf0bcfe78255fe3741bf89c2841d5.vir,1
057bd10607ddf374b2bd97a710a57ea7.vir,1
160af7a55710a77fb58adc76f3cf889d.vir,1
15d003c4a76f81745888ba7d4e06aa37.vir,1
15f57a1a1e09ef1cfabdb9484afa0a07.vir,1
15d146b8ec9d48294ee0bf028f62a17f.vir,0
1452b42555c0d0c1f5864afa50d01599.vir,1
16374e24299ea52c6ed4bbeb88ddac9d.vir,1
1642f39ecab792dc0610b0187358e217.vir,0
15bc3e4ea8962afc677cd946095735d5.vir,1
164cf732adb072dea60d49c5a9a504b3.vir,1
166b0984c38b83f230d8f60e1f644049.vir,1
1677b7f2b83faa079aaddeadd607f4d4.vir,1
16735d50463781470ec0b7b37ce4d63d.vir,0
14bd6a474dc5782491c510325e915b2a.vir,1
1689a33945161ead7ac2019ada4f148a.vir,1
162efb9a9e563108b8a951a6fcf4c140.vir,1
169bc755fd0cf4e568685ae4aabeee51.vir,1
162a36da4857531508b6a4763b5e1d50.vir,1
16b52548be4fac3cb25c6acca6d97ffc.vir,1
15fcecbaee3abad7599563a8843fbad7.vir,1
16c218c04e8ac937e1581fd282c832c9.vir,0
16a6867cb93dfab03cc6eef9921a55ae.vir,0
16cc2ab8e1c0dea6c42fedecfc4e09ef.vir,1
16df164cce83d9e0254b4b6467cbe1d9.vir,1
152a7d981364a28084462b723e6a2286.vir,1
15f20d067b050e16fca9606b923dd13d.vir,1
16ecbd1699531c646c514752c489d67c.vir,1
16bb5bb1ed0848d79dd4cfcb4630711c.vir,1
1636a30b8fdbd092ada034501574a580.vir,1
16fc24f47dd7d864d4add4a92e9729e1.vir,1
16fcfde928bda94ece7bf45f3f3d4797.vir,0
16f14b8fec6f9fa0dcc9605c1b2a008b.vir,1
14121c67fa63119d8cc144f90ff947ad.vir,0
167a2bd585262774faa050012ac36d70.vir,0
135e300e10b98e5361d0b8b04d7f68b0.vir,1
173e2bc826a12fd191803fcb45610473.vir,1
16a1f5f749f079bc3e16b1cfb670d00c.vir,1
1716858ea07a3f75250273a3d0c26a29.vir,1
174d7619cb51f68b88f3f7649325115e.vir,0
1757fb72df6025075778f545a3b2e338.vir,1
120e0b94f8dc9d12f799e47d2009d58e.vir,1
16ca786ba7766817beda338a9752dcd2.vir,1
16f0824b6ae3d963becd1eb5273a43f8.vir,1
163023e224f5182e03c9dd957e5d08e4.vir,1
17618cff834fd04fd0c5a1cc331fb83d.vir,1
17754f5ed36f083e1cfc6a5f11cfc3a6.vir,1
149d7d86c28b40e09de489a7d3c28f78.vir,0
174080a070f61a0bf32e42e27fac151e.vir,1
177b82beb2e38eb11752ee3159768b12.vir,0
1774f458f9d5855888011d7f77225db4.vir,1
17868f9ebafc484c6d5bc5ca874024e1.vir,1
1746c6bde029d12388c5a88fff8ed650.vir,1
1774df0170cb9f9a012461b5d9177c85.vir,1
15640e513312031430f6f9516c5b7c1a.vir,1
179ffb181466eb0e4d56dc69bc302640.vir,0
1772071e8aaa60aeed68a3742a629f26.vir,1
178ba6d80aa38a15a9474fc4d2975bed.vir,1
177193d427abff1b32e160db61122f54.vir,1
177b560bc043b281bd0a65b62595eea4.vir,1
178f6fa1d7293c2b30f8074d7115bf5b.vir,0
17a67ad0c2c075bebdc6925b4112dddf.vir,1
1699e7beb1512837e490b9fd5c561436.vir,1
179eed193bd296674c250fd7df2eccf1.vir,0
17b7ae1394edf2d9e6162f5b8b139515.vir,1
17d32c50e3a4fee36391c143e55b63cd.vir,1
17388da3b0330206a0bdbd5cab184f42.vir,0
17d5dff9db57fc46246d8305e6a67c82.vir,1
179bdf21e8112c47ce5ff0574d070edc.vir,1
17c63efc533617322f96e83dc36eb26e.vir,1
17fd9e74efb5276db46240b98e1cd99f.vir,0
17ff11f70b749f82d646aec9da91d38a.vir,1
17f2cfd90f4ffebaa496691837931c1a.vir,1
17d98b322f6d45f98052ad6787689e97.vir,1
17f68446d5ba617aca29fcd70cb28391.vir,1
1837e685946c3d066e2bf12fe14b3a1c.vir,1
18216b735d1dbf80a4377a48fcebc524.vir,1
17e10df9c014709d4829de595f2fe7cd.vir,1
178d5f48cddc0da1768730d879ea1996.vir,0
183856b7100deab3618f07bcedee62d2.vir,1
17493f4b0cd10645c8d36387a3de16cb.vir,1
187f0a802b242c423b9dc36f5126d931.vir,1
184d26d9987b2337e4beef689ebad9a5.vir,1
184adf281e95ac50abe4a67eebe5a352.vir,1
1887af34100187989f6eb1c6eb8e2fef.vir,0
1855664e9f13df391c0602d397a3944d.vir,1
186aa44dabbf13bedb39ed026b925fe7.vir,1
18907a196646bc9b0aaa8bfe0366968d.vir,1
189e0b480a3f2c5615d3ec2755ba030b.vir,1
171c4cd7c16993977b85a983c2f7df37.vir,1
18af6bfda07d7d760c768d389067cb8b.vir,1
1806df306da65cc085198cf9f8425975.vir,1
18be20aa75537c297c2dce4a6bd32d41.vir,1
17b003759c07eeb0b99005688b290ec3.vir,1
18c4713c58a5fb92429d20ef228fbdad.vir,0
18ef092abc3118139bdc7fdc09efc5fb.vir,0
17af8bc26231a5891ec08eceecd36fc6.vir,1
18e6c1c9733324b0174b71922e3aee37.vir,0
19111e0cfdd81709163bf40ff2764f09.vir,0
1911fb1c84b69c3b7f4cdb05b0524f70.vir,1
187bc4a954f42306da284755affc1c30.vir,1
1905564e14f3f69443ff765c633e4a85.vir,0
1912de71233263b514d0ad5055145807.vir,1
0d82c64c10130bb18a82adb3c1560407.vir,0
18ee5da7654c1e20362909c9c777df95.vir,1
16edf3fcf2b7596d48e5c490cd4f1adb.vir,1
1921648f5e30c388c390a931ad258ba3.vir,1
18fe6ef18394ec025382bfeddb1cc247.vir,1
194e90234437215fa4fa647f78fc8e0f.vir,0
194ecf62c522e4e990973dbbf227e929.vir,1
19493c091e5337ba47de3eff9a1cc437.vir,0
1882099f96592bdb19ca47dd4bd197e1.vir,0
1913f1a0daf18064c33ebf328cc3636c.vir,1
17a1d5ef3d8e7912a8232c1ac01809db.vir,0
1922e26072c2dde94c821f24235fd12a.vir,1
197fcaa649bd00c0c4970a04931686f0.vir,0
1979b987f26b9f4eb0b4cb459d1f4c32.vir,0
1981fb95add4a1e352419fc8244270b1.vir,1
198f5bd05408acc2e9d4fadc38226ef3.vir,1
1939503f91161b103226a71c4fce376c.vir,1
1953fe1830e6aea47fd181154047fe45.vir,1
1999ee3eac634214cd2de810f4920714.vir,1
199336d840b8e754c7e46df946ec645f.vir,1
19a55e54f65c1645a668497ec6d6ec61.vir,1
19afd182d8e8bd45d7a224267457cb78.vir,1
1921944e9bd832bd02c223a8429399bc.vir,1
196c1c16cca731378464890b84ede3d4.vir,1
19cd54f777af49b8d06652ad2adfa83c.vir,1
17aeda3fdc17b69115e7bdad7b1f8d49.vir,0
19efa50df978f99e6577f3f18de8ac46.vir,0
198fa483edc3b58dea8291767c1555b3.vir,1
17a7313afc36f2c3c780a111aac95111.vir,1
19d6bfe94874f022086948ca47f9919d.vir,1
19fd447c9cda919d48b8b80b4a1ad2c0.vir,1
197aea7a5ab5f104a47837e6e1454b00.vir,1
198ab550118bf34bde17572a485f922d.vir,1
1a034fdfc8167f814aa99a701ce50622.vir,1
1a0cb3db25c7aa1f18311470118c7bd4.vir,1
1880d75ef499892d02ad0db697bc7aff.vir,0
19a3b22cded72498f01d59221a24b762.vir,1
19d4478699178cbc60febef390fba601.vir,1
1a2846fac90af9c4321ce5a892ba0124.vir,0
1a4f89b36dc45756a3033843cf34626f.vir,1
1a4e19cdefe1f4b64a9771f0a84960fe.vir,0
1a116a701917a68e023c8ad513082fc0.vir,1
18b1b90e4fdcf6b789b3299bfe86fccc.vir,0
1a3582c6a7e2eb26059294bb5c00ecab.vir,1
1a56fa18635ad29a0836b031fccf1a63.vir,0
1a746b9ce249a8f6ce78c6136ad67847.vir,1
1a811bd445efcdb2bb8a707cc1a39a88.vir,1
1a7abf725fe771515b0e138b3d6f6834.vir,1
1a5566eae74dfecd8c9287a7d210aaa5.vir,1
1a8347405dd404435c72952ec150d5ab.vir,0
19490b1f6015797f144848d88b0d06c7.vir,1
1a92d12a895b2e56d8b1acd0f65a4bb4.vir,1
19fcfb89f0bba93d37926bebeaa44cf2.vir,1
1a9da646cb25f3090c5e0a97570c9326.vir,1
1a8d9fc05510a556292407484ffaffdf.vir,1
1a877ae15d8811d0bed915b7ebb3d932.vir,1
1abff0fd669f8ca3878e65d2d7c435bc.vir,1
1ac5ca39c681ad951500c56550b9ff98.vir,1
1a0a85a49b98944d1f4d69e8d9d72568.vir,1
1a9611db285c45f4985a88dec751f9e4.vir,0
1ae1293516a31cc5f507fcead1c409f3.vir,1
1a2bfec7e54d7b1c1b204d257eb4de7c.vir,0
1ae3a8aee2b3948a594f7b24bde90344.vir,1
1ae510b180b4b28ff30a1e58cb0daf68.vir,0
1ae1b3d140c29e514ca09facf0e3439f.vir,0
1af08bfbf93939d89fd01622627c262a.vir,1
1af75df99b05610f9668c1c9196de7d0.vir,0
1aef100d34c88547fd908190dcd0af74.vir,1
19ec682cfc7d81013088f8b23b1fe88f.vir,1
18c2df4d725fad230ca01b7f9c4b6649.vir,1
1b0a12cd03895db641bfebcc74b8be06.vir,1
1a738731691688a0483f9b1f21fee22f.vir,1
1b280ac0df2b5c35def66b0a4e8c8416.vir,0
1b053ebc7611b9cd5105ed0762c430e0.vir,0
1ad38128e622fb1bb4c7a90931c05a01.vir,1
1afcb7b9ce47f31187aaacca5657b134.vir,1
195f7298fff3ededca90f51ddf90fe3a.vir,0
1b591120f65b7463884ec2081e354568.vir,1
1b293754e05f44619f9c48c11484698b.vir,1
1b7612e0b462c8aa9ad2e433c6bbcfa1.vir,0
1b45207d66f61b35636eb3ffa7e73921.vir,1
1b28eb17c5cc68715840e83dff093b29.vir,1
1b798c1a8881b4a06fe703cbb90ecce2.vir,1
1b92b2c710cc29b8c61868331363880d.vir,1
15f9c2a2f2d3dcebba6a029b259560e3.vir,1
1ba7f27f7230e1b877ecfe0fd8733c81.vir,1
1ba4e45d198b4a490a6fe3b2c190779f.vir,1
1bbb6c4aa0c602a44740c20f5d790e5e.vir,0
1b84f4fca435494470b189187ead4cec.vir,1
1bcd1268a43e7101bbce1d7b72afb630.vir,0
1bbc71834f16fbbfb6fab6169439c13e.vir,1
1bce0d4bade7291a4ad4fabb81417563.vir,1
1bd3760a56b9678bf29b6cea7e36af2f.vir,0
19f34c730b2a461d237ebefd5cfa0574.vir,1
1b4162fcd185f90ade7a7acc546aa5c8.vir,0
1bd4b980994988e80dbd8507963344bf.vir,1
1bdb7668d3ca505002c3c2cdbb897315.vir,0
1be5ba964563466dd0b6804847363fd8.vir,1
1b30a6085b3e9e20b44ab1ef0d29b6f4.vir,0
1afa31a304cd68bf598ca4ff015d1e67.vir,0
1be89857e99b1bd6ba20c5b90ba2d945.vir,1
1bbe924fa2577d3a6068a084ea714c5f.vir,1
1be786bb74a2706de9003341a5915029.vir,1
170375d43806711dfae4becad5b4205e.vir,1
1c1c2de618e73fe69910a188fe86f356.vir,1
1c1c84ec143e30fa8c3cd4e0a5d0efec.vir,1
1c39bd66dce10bee5986b14aa2a5c2a1.vir,0
1ad5b5e84c5a1162ffe74e04d2a88f31.vir,1
1bf9c1bcdb3696788812cc6ea2cd8855.vir,1
1bf5b5bd6a503f3566ceb0533ed791a7.vir,1
1c610eb2fcd4eb605bae16ed5ba42fd6.vir,1
1c404679314deb300dca43d947a7108e.vir,0
1c6a6f14384ffc33401f39a7c124f7ea.vir,1
1c478066e5464c3418eb743b220fb4ad.vir,0
1c074de105642399cbea94341c940769.vir,0
1c4571a9a272ae533a769762aaab67fd.vir,1
1c6a09f894ef7b09043c531cf6a7eea8.vir,1
1c89570914eb0526fa490f03182c8758.vir,0
1c77c8ca2d9131fde0f62e1ce75e54e2.vir,0
1c95a83868fcbcd0296d6dd1e8a56ace.vir,1
1c2ba794136187a46ce007aeb21eaa1d.vir,0
1c9f2df73ea486af26e5006730970376.vir,1
1cadc789c9e72e7b1bf277886c27d9da.vir,0
1c82b4fcf53cf4831cf35e2a68b5b9e7.vir,1
1ca999ff81d641422a696177db3ac416.vir,1
1ce1d45f0c1c17840848dac99bd85f0e.vir,1
1cd3df48b671b8f81209a07ce22a958b.vir,1
1cfc389fbee07d6f4a7e4c8b768ea3a8.vir,0
1c6fa1781772d638096db710f6f0e5d8.vir,0
1d0386128d84c03604a40cddcc374810.vir,0
1bdb397387cc16e2e94b4c5c4d2058dc.vir,1
1d056eb0c7e08567567cf9d46fd5846e.vir,1
1d19fe876babb3cccd0293923c82fc36.vir,1
1d1cb263b3d25069a7cbefb93c9b5501.vir,1
189108f45f5b60d4d542c25f38752d67.vir,1
1d029c48ea861fb869099f1062469a6e.vir,1
1bdc3ab6153f0d97da4666822aef3256.vir,1
1d059d3bd321f4e7fa3649c75a1d1e70.vir,0
1d091d0759111767d6f3e9136aed7807.vir,1
1d3c17d87a8c7258b17b10fa4bf62f53.vir,1
1d3de8c9760236741e3e11bbabb4ab3e.vir,1
1b61eaaaf4cc02126b0b0af760ac14e7.vir,0
1d35c0fcda7b45bf7fc3ca2f58e933f9.vir,1
1d5a1b85dbcb9d9dcccb2bac50e8aa6d.vir,0
1d61391a31952640dab5975c38bd2f28.vir,0
1ba0ba574776683a94e50f4126b24d24.vir,1
1d2f1a5d9b84cfe4e0d780c56b8d40e8.vir,0
1d799b96c51a75c4a2dd3bb0d3834bc2.vir,1
1d36f31884bd3f19c8cf1bace5d58266.vir,1
1d5c05189b82633f4e4757c098f8ef88.vir,1
1d240973f2d232ef9a2b540aac61dbfe.vir,1
1da17af1d981b7b7053f55ffd0e836fe.vir,0
1da7ab31e226e8436d5693bfa7734494.vir,1
1da14b199f8f58fa50d6cc82aa2c626a.vir,1
1d13cffa38e891f6704785365c69071f.vir,1
1a065865575d781660c7bb84fdd366f6.vir,1
1dcd364529bcb538ccc10145cfe1c5d5.vir,0
1ac9bd968a7c2b1ce4278ae36270157c.vir,1
1ac1939f14ba22436f85742d2fcfd2b6.vir,1
1d937ca10be4641329d3ba159f8036bd.vir,0
1d56ff72895b022237cf105f2eac064c.vir,1
1dce1121a236cc4dcb31d078859bf451.vir,1
1dec33a2276bcf90bfd5dcdde550f3a8.vir,0
1d7a8172731580900b09f8a0f7e420f3.vir,1
1df74eed572f519f5c091bad18c6aaab.vir,0
1db221aab43b584f1deb2def62c04eca.vir,0
1df7ed433f30bfc5e620d90697542e06.vir,0
1df66d0a3511b353d6f0a04e23953bd4.vir,1
1e03f5cf40396370035b131462f788da.vir,1
1dd7cf9c572c21b9aa4bc0f71f89822a.vir,0
1e05e3d014db76a1233c2f114e7bb305.vir,0
1e213709167de9753f785d607fe0a1e4.vir,1
1ddde77e76ab6833ceb3bd24a01d385a.vir,1
1c16260d744693ebcb550baa260fb453.vir,1
1de469477efbbc3bc82bdfbbee670336.vir,1
1e0d4f39bd9e19be048782734f278188.vir,1
1e50cde0770270f1a6dc603a0d3ac77e.vir,0
1e50ed0035e7355c32df07446b7f97d9.vir,1
1dc950730fde8a90e624d9386ac98e2f.vir,1
1ddc03631dd37d39f9e0dd6d5f56bbf1.vir,1
1abebca38272da9925f01f6794ff7fd1.vir,1
1e5371f568264529fb823fb7ee245b11.vir,1
1e103f8097744a0dc688ded7ac38cb5e.vir,1
1e8c40f4cb078486be7fb1498f15e2be.vir,1
1ea25bd960f7a0659de9d2a06d674953.vir,1
1e7616b8afb8cba3bbfd145372bff5e6.vir,0
1ea39311e456d9467dd5645920a0874a.vir,1
1eb12a8c2395c7029f11a0325fa799ff.vir,1
1eacddd2d1f59871f923d0bf2cf05623.vir,1
1e8a531faf963f1d9761a04a2d9b7f3c.vir,1
1de506811725b556d4d8e8fa4601be9f.vir,1
1ebeb7cab712b21122651a2c264ef5dc.vir,1
1ebb15984cc79784b126035320b4d3c6.vir,0
1ec30ca6a7e38a525022d352a322c4b8.vir,1
1eda45af56e8c0eeaf0c56be3a1850e9.vir,1
1a5846eb805e72c9f0825deab659c9fc.vir,1
1e28c0b67e831432a77fe4d171e64aaf.vir,1
1e10694a9406fca37d89851f3a090c94.vir,1
1ef4e00a404abb95deb737cdf399ea95.vir,0
1c96d7b7358a2676c448220860818393.vir,1
1ec79c7e6fa6caca8766ac0054d60283.vir,0
1eb6e3849fc98b91a747d15ccb497dea.vir,1
1f05bd38e64e881bef157f790575a6ce.vir,0
1d619bb03eda5594dd35c091130a19e2.vir,0
1f02c49b35aa3797e1b075e4ab1b8152.vir,1
1ee24107a4311d63ec4cb68b8a8486e6.vir,1
1e67a4c1d01a5631101fa352b53ee90d.vir,1
1f1a41e1b4dd2d9acc9d883abafa3db1.vir,1
1f2a3e3b209cc10ffb947609e73eaa35.vir,0
1f153823bbece3796ff15ca415da3db4.vir,0
1f30deb15bd3ba34a2d7e7b235d82e47.vir,1
1f2b7b5a6d2569df0ce04cb29bcee456.vir,1
1ef263fc2f6da188da7bd8a756b91735.vir,1
1f1ce4b472e22278acd05d63b1eebaf3.vir,1
1ec1f006cc34acd5ffa0b045ec690f32.vir,0
1f3d9dcb0b238182eb09275ebe6958f1.vir,1
1f441ff9697d62638c16cd72bc321e61.vir,1
1efb9f334562aabed969969fd0835e21.vir,0
1e2a760b02989cc6e6002161e4180581.vir,1
1e364891e034c7f0c76e5ea3e7aa54e2.vir,1
1f4f583ed6010b2149bff3c70156b78c.vir,1
1f48178f5c064ffa60b29f44977b0b75.vir,1
1f4f7f43d77fe348b699a224afe1d42a.vir,1
1f4e986ca796d60c905028a316e24de0.vir,1
1ee2db6e6bea6faa82894714ea968ab1.vir,1
1f63bcb98ee88c96e1cdc12f054e565d.vir,1
1e6c72c23780ba901fe40a836c699acf.vir,1
1f6880a2fe4b5f8e4c4e337391e2ad77.vir,0
1f0a9526c02aca8413eb0441a14186f9.vir,0
1f7cd508c103a078518997090e91e5b8.vir,1
1f3182f881b735f592a509d12cb8c557.vir,1
1f8ef765fd155e65f5502ecff1e25206.vir,1
1f7e70f4dc8335d929d5f8dff318817a.vir,1
1d8e839ed2bc79fca5fac955cd001b0d.vir,1
1f945565878fc666803245f2ce25deec.vir,0
1fa069b66f99cea689d700c594804e93.vir,1
1f4952375755758d24cbf01d60aa0da2.vir,1
1fb0ea9bae2146959f040aa69e632655.vir,1
1f9834cbf215c87e5d8270fc2e80ca6d.vir,0
1f4e8124b8c681537b587fab68dabf8f.vir,1
1f8d9afb7c31abba4c5186c8ace10817.vir,1
1fb486627e23d7bf9790ff13635eba34.vir,1
1e532a682946aae5168ca144d27adfba.vir,1
1fd35a19859b02f32bafc6b9fb97bfda.vir,1
1fa6b27208381159b3679141c98c615f.vir,1
1fc3297fd8e1fdf6a3f29fd6fafd329f.vir,1
1f2e2ea9aa1643c724554b02f8d84f77.vir,1
1fc0a4a1d95b96a354107f355ed5f976.vir,1
1fdca501805304b95ce12f82f2432b39.vir,1
1f427a6fdeedd223dbcc5d61b78d010a.vir,1
1f7acab6d160302485861662bf1959eb.vir,0
1fefcc8e0df75dea1f455f0ed9fd7d01.vir,1
1fe436bede3fe6e952774db6516e801b.vir,1
1ff99f23b92b5afaaf322e5c367d1256.vir,1
1f9282f7b82e7b5d7e08c57df140bc51.vir,1
1ff42e62b639c7c868bc532d20e9ee23.vir,1
1fe3ac5d0b009c669ef46a7b46227269.vir,0
1ff365e907fa154461054d69682e56ef.vir,0
200584f6f0d36f907dbed9fa520cf70e.vir,0
200d40bd12989d400eaece32dff5a4d1.vir,1
200983b3aa084ed1812bde0451cf519a.vir,1
1ffce30061d7e70a28bc497d7186891b.vir,0
201b409c7e1c50a020f9dbdb45159419.vir,0
201e0fb14e0b7aacf3b8725be4d3a39a.vir,1
1ff04ae4561e9c25d755c173ea635c7c.vir,1
1f612a6314552b5ce1b68f7f5cf7d054.vir,1
20462e2c6067b50ee0ba6f31b6de5dfe.vir,1
1d3969b9abe4bfa6daee9e5a03fd9322.vir,0
1efb0333b8045d69a3b575d705f7ec53.vir,1
20769e63f5e3da0c6ecd364a3269584d.vir,1
206aa179abb6db32cdff2d208ef39ed2.vir,1
2077370fb0f2a6d4f2a09f8d51848ab1.vir,0
2065dc971e37aa6721d6e4a772dcca26.vir,1
207ae750705d4495b8dcb964b66df38f.vir,1
2057c4cb4ac985a489fe425ba0a1a37c.vir,1
1f34d190cde6a8028f550469aa8d635a.vir,1
1cdcb3c76666207978656003946e8862.vir,0
203c6d741ee509631738af60048b711b.vir,1
202a23093f461f19ab5d979815423fa2.vir,1
209b9e33497e1d59a32997c2df6ee7ed.vir,1
209fff124f2dc604231a80c0b0cfe7fa.vir,1
208d9af13dc7f2b42e34b6a888bd2d8a.vir,1
20a31171dff278ac4548b830eb408abc.vir,1
20a57bfde10a293903a0c0c210d9694b.vir,0
2085b0a7baee1365f0947dbf25370606.vir,1
208f31ae7ec9ed65fe2b646d4d5fdfb6.vir,1
1fd6774dc062a7d76d720c7dee00e7aa.vir,1
20a8abae8cd31e27f4b8f4c963f8a876.vir,0
20b0338ae4f6a340b61ca8d827d69a30.vir,1
20a5267b381bb51fa73fc553b92ccd8e.vir,1
1f5cfe857371907eadcb99eb4bf2e0f8.vir,1
20a5939543ba87eef4c8319812c94abd.vir,0
200efe80675d27c93269a4d4d9b91f77.vir,1
20dc9f9b2cac669fec15e0b022560024.vir,1
20e4841c65756445f5087ecd2127db52.vir,0
1fd0008c0f4894ff8e7b9616d9f505e7.vir,1
20d0c13d5c80f2fd24219495db97a61f.vir,1
20ebad578553bd789ebb9e46005903a8.vir,0
1f6030f430878bc56f3ebdd63d61f185.vir,0
2014f30c4b1a2211e919c1b211ea5f4d.vir,1
2100dd7edaf66ff087eec8f2768f10a6.vir,0
20ab98c9fd46356ed95d23804dffdc9c.vir,0
20ef851e8ce990790b42aa6a2d5ade50.vir,0
210d5807bef4fa550f1d63f175dd417c.vir,0
20f24c222e6b5a60da23be22e2771b6c.vir,1
2116bd7ed853e55db94943e69061f4a1.vir,0
1fe4d548d17754693d8d999e87ef2db0.vir,1
20ccd100e694895846ce42103722451d.vir,1
2126ee5e8e68eeb71b566c6fab2489f4.vir,0
21636ab068d804b307ee31fee56f3135.vir,0
2078a5d9b73ca8ab513599f1536b046d.vir,1
2169662c490adcabdc9ab799fc299561.vir,1
215cdf20ef05239ec4da18a3c03766f3.vir,0
2151d87617b0dae458a4e45963f6cbe1.vir,1
214bbe3969ceb7c357fcce088bf5cac3.vir,0
20fb4beeca1cea2ca87adae08ae8cd4d.vir,1
21742b309c8b8f2c5c6fe678f52fda1c.vir,1
219cc1daf5cd6a297e98105d98c1ac4c.vir,0
218234f9372019b1f8ecded2b550b7b8.vir,1
216bc6f5f3c6c5076f5a1b874230d674.vir,1
21a7deb5f7d9111dc24bf3b2ce97059d.vir,0
21a079b65771837a3fd3b5ac5bd42ca8.vir,1
21accb6cc3d8ecec887e2aef6ad58417.vir,0
2173ced64dff1ae4f22edc772d01e2c1.vir,1
20a3caf2d017711e8b6f2adb7532cced.vir,1
21c6ff5f32aa7e38e14d7fe2211373ee.vir,1
21a6d034d062f943d218ebe46d774c8c.vir,0
21ccec8180d21ad0fd8ed80c90ba934f.vir,1
20db53eca6d00fc6b6679c49023b6204.vir,1
21daf37351f2cbc3759c9547af33abe9.vir,1
21dd09d73a93419d357bfd79b7f6ecc0.vir,1
21b4390dc8c562cc6af218246fab05ce.vir,0
20dd39062d19cea7891cd65c30bcb046.vir,1
22089a668a1491491cb2d985daa9a0da.vir,1
220dc6f7accf9900e40106de000b5180.vir,1
2209710b3ba686e5cbd8716df05c5174.vir,1
1ffaeb59263f15c1430535340bd00929.vir,1
21ab8071ca6b5606eef2c0e80688a796.vir,1
21ccf20716c38c1575fa6fe2ce2b7de3.vir,1
1fbb7c760df111cebe7ae176f8a697af.vir,1
2269ad19461f5e82769c3c78c0890799.vir,1
224709c3eade9391ba36f0ec77165093.vir,1
227382be519d819c4bf03dc2c57041a8.vir,1
2282a84d99612f9ca59cb11696950535.vir,1
2261a3e24c2c1cc90454c40143a459d0.vir,0
220ec6cf0e4bc612bfafb84c0c856090.vir,1
20e5bc2079f0218cfe3bdbb57d787297.vir,1
2285dac580cd4f73380ee3040fb79cbd.vir,1
225cec7f55de500bf893390a1fdd5bb4.vir,0
229d94516b642a3e1b8e813690200a89.vir,1
22dc02e6e6796e7a977098a4cd52ec87.vir,1
224d1a20a225024fa0a4b7b52ad96e4a.vir,1
22e9acc0b95ba523247784d1b006ae83.vir,0
22ac24795528f8a96c21761ad40817b4.vir,1
2280aecd1f8a48c3d7d0aa1767cd57a6.vir,0
2310db970133b34e50f0d2a2feb6c82f.vir,1
22b4b61350226b14978bf642fd3eae15.vir,1
22e07215dcf2b6d6282864c5a11fff5c.vir,1
2283b3f46ac33b358ab5b2c9815c9b77.vir,1
21bd82bed5d1e483909fdb52bffbc3d0.vir,1
233bfbe9df5b211f7639d967d9c09b73.vir,1
233012c281ac89e61385e99b7e3e7199.vir,1
2351712c3dc82d9b853545b5aa7611ee.vir,1
23507ebe0f3f63e1da76dc80b8def4d0.vir,1
235475eb26f9aed10cac77153086d14e.vir,1
2357b97d05fa6eb9f4122cd04e6cfc67.vir,1
2358ef7c514b0da81b3904e07219f582.vir,1
2223b2529a56008121e3c997318f26bf.vir,0
21c8fa8d012298a2ba4dbe9114229865.vir,1
216842f393dec3e355b64d1abe9fcd4a.vir,1
239a98d0c5c99843542f9e4b4c54f246.vir,1
2326bc90f53ca4a354a9614cff5842f6.vir,1
239dd4bcb036e888159aa85d090adbce.vir,1
23489ebbb2dc2a648551e7aade0f1d87.vir,0
239cb44b8ddebd5cf563edbcba9342e4.vir,1
217f4e7b0dcb160154d99a9726f79552.vir,0
23c15733b60b8d7a69b299f7a9e35882.vir,1
22faff8968c178d5fe54f4660a206aaf.vir,1
23a1b8c8e153bd37858e60176252adb4.vir,0
22996d1523486b5df5d839fdadbf1e01.vir,0
23b9e9238fa16cdebc9e4de0fa3b7f2f.vir,1
23d20a87fee64c812486eaa3176badaf.vir,1
2306c2d5d229b523dce816fa6fcfc7c6.vir,1
23d995032ff3cb5a16235f6e243b1750.vir,1
23e4d5a577304e890530bdeb8d83c557.vir,1
23f971f07e336d478e2024d91ba33c1a.vir,1
238beb7f01246388c74539b84e3fc10e.vir,1
23fd4510316277452be47b5fe3c2d59a.vir,1
24050b0c97f3b2eb1646497b7ec30ccd.vir,1
23f54cb8d69c9c53032290bbd37e77b1.vir,1
23f25f09abd749fc2dcb0e649c90de0e.vir,0
24271f1c4510e0c68c47e005a9cb78cf.vir,1
242c55e21209562455080c04b3c89079.vir,1
2419ddf96c36a03977cafe3a9a5ff8eb.vir,1
2431548e293c109763b4a0db1a2b0600.vir,0
241f7d7a46b4d48d133862c17ef7a586.vir,1
245e46e6fa32a54b0c18a4ca08844ad8.vir,0
243b7472a2a6f12a4f4a80286c3c0d85.vir,0
24749db8d31eb1f5cb756b412224f8e6.vir,1
246a002f44a950e50d0c3a51923441a8.vir,1
2475b95e11fc706e69b875be9ee50858.vir,1
23e25e1becbac6a147a735339dfa702b.vir,1
235b594b813e876d4fa6d9bd388eb95d.vir,1
24acd35f16e0a6b70e154f1ef84ea4f5.vir,1
24c626b4f584f5266a07003cf09b7c75.vir,0
248c587b34fe5e0ef6869f99a52c7955.vir,1
23eb8a231d18fb8958a34bdd22c83242.vir,1
24d494d6335804b34bea821bf05e17d4.vir,1
24c8b3c1a29e082cdfdee05ff5f67a16.vir,1
212a0747ae798d34be39f8bf1b918a3c.vir,1
24f429babc53b273755c7fa236abe13f.vir,1
2077399bc0979a4a906d521d149e422a.vir,0
24dc9f2b76c25474e585b0bdf84b29a4.vir,1
250a6f78c9c5124b396c4d298ca16d18.vir,1
25149d925f7198bffc05cc3d403797ce.vir,1
252864bd7f607f7cc95bab7c90aaddfd.vir,1
218ac88e3aeb6fa8b29c99b90baf610a.vir,0
20c17caef6cdfe0f70cb05aa8b2b7867.vir,1
253040a0aef7c0bd490a84f30e35d259.vir,0
25372dc15780ce44a1a99c6a9d601732.vir,1
24843f005e576f5a7dd0d0778f569801.vir,1
243b0403896f06a96472df53f4e952d1.vir,1
254f8ae9fb9e301571e506c48c603960.vir,1
2351aa9445dbb5ddfcda33035d6d76a6.vir,1
2549da94ea17368f27b7da33440b071e.vir,1
255cceb4032c4bddb6ea4a8c5a800625.vir,1
255d6579c2065fcb06a89721b7260a9b.vir,0
23f77db4704218e66448af09dbbf6995.vir,1
25458c526fc2a59ee3f59c42df6cc0a7.vir,1
23c905eea89a2ee69123cec270e9aaba.vir,1
257227ac5f7a581d9c2f11019df7d83b.vir,1
2574e742c995216cf0f601be45f02593.vir,1
2577ca35721d491fcbc0c5562c0d2ca7.vir,1
25647e9b0d1dc0fcffb088721b291cca.vir,1
2556eee78b8634baa8fd64090dd37af2.vir,0
25ac929b4ef3e5a7a41dee41f0be6f85.vir,0
25ae62dc9f5a6777596d794a2e2af87d.vir,1
254ca5bcd547b72fb4365deecdd47383.vir,1
2596fe242e8166bbccae3bc1a3c0ba8b.vir,1
24e29b1621731cadff09aea6ab9bb11e.vir,1
25c1787f4175128a0537d7489960c1c4.vir,0
25cf208f6a1dc8318b746e2331a73d6e.vir,1
25dd64548a4ae3deece9ee9d9af6a253.vir,1
25c465bbed51e71dc16f18b96bb64557.vir,1
25f10b48bca03d9c7f0386f3218ba03a.vir,0
232eec536ec777f6a9d3473644a90350.vir,1
252b94661034c311ecebb1db61fb0df2.vir,0
25e8e55cd3b675ef0fa5f3a03045ac87.vir,1
257c96791174990eca0ff68636ef9053.vir,1
252461c55d23eb36db425d7a8aa23c3d.vir,0
26257b3c4f14d89c6f1ea60f1676e3fc.vir,0
261e2489505ec187ee27282461d28018.vir,1
25537cfa4b9a69787cd59f9d4b0486a9.vir,1
24c72de47187df66fb71d859a5640fac.vir,0
26366a79dbc6ea6c15dd1cde01f34919.vir,1
263d4a76cd0191e1d30680bac0c068f6.vir,0
2611b614bce3ccd841db81233114e18e.vir,1
2516f2746d8f78a93386e5b6d21afc09.vir,1
2626659e1519b343c12774ba81c56e8c.vir,1
2653ca310b4c454ac6a6e1f64bf9b71b.vir,1
25f74e64792841195fd03dc712f7f42a.vir,1
25fd046210a86007aae9dbc4cd5a6ae6.vir,1
255ef743026f6869dda30d833c7acecb.vir,1
263e3a40abdc474c65d5d165bcdb2056.vir,1
262bf670b7bb915e7620dbb7a061558b.vir,1
266a7327b4737861d0bf5db38306ac59.vir,1
2672e9ffc2ab01ed74fdea7c58917fa1.vir,1
2681b2ba92ac4f323335b1501d6a51fb.vir,1
25cd5ab25d2a69c53627ebf0fabf74e1.vir,0
2663a671831ecd33a745ea1a31725dee.vir,1
268ca0870d466968777f6eee418f90b7.vir,1
26844b97414d03a551f956f0501b4286.vir,1
2663788e0f19a404cf7388fdd5f0427f.vir,1
26828ed54f303e5ad6fcf6f3288a1fc0.vir,0
2672700e87c20348bcd407a15096a91e.vir,0
25ff1ff4af5e2e649746452c543b1ed1.vir,1
265c835e3bf7e55db70ea4f04b954230.vir,0
26a481b37dd1bd8ae2835aa9f45fb60b.vir,1
265b8959c834e0a720a776ef2d8ced93.vir,1
26314bd0de3d825f4d68d7697619219a.vir,1
269cb1f2d53a5c160379c4f96cfcf827.vir,0
26d8bd91e43707f292a423a669c394a7.vir,1
26fda4c80f20b30bd145753f12f87788.vir,1
26da2a43ed036f17f3e68ae1f4eea36c.vir,1
26c0ad981e53c175408ef097101f07fc.vir,1
26f590c96d3d1e8ec445573b6e20f7ca.vir,1
26d525c4df84429173e05c63482c6b3b.vir,1
27128cd3a679aa2dd28a5c226602ea0d.vir,0
2719fa034dd39b4981d379a577f1fadd.vir,1
26dd9b427c50515c45f9bae806b277b9.vir,1
2701f48dbe25c6b7785948067646fe3f.vir,1
272d642867199262df06032bd531e4e2.vir,1
27223eb668fa4523d72d4f778313ef5a.vir,0
270f0faa4217659d7c27d3360cada11a.vir,1
2665c68ea9dc5d42605977f2a8c68053.vir,1
26c298f57b7597d3fba705c5869902e2.vir,1
25b8825bd408756f61d753876c195d06.vir,0
26aa4bf54e4b703263c010ac81b5287d.vir,0
2730acef1afc6776dde97b8a88b9ba1d.vir,1
278dae4592bf9328e999f37d47f357f2.vir,1
27907f4e1b5b4a3fedd5c4b6317cc95e.vir,0
277ca95cecec8687573d0334c2c9afa4.vir,1
2793d0bb1279aa40d7d5c14869a97411.vir,0
270c182c74b55ff5435dac715b610d45.vir,0
27bc5a42a37773ae2b0dcf376f1c975e.vir,1
27434c66baea4abeffd34dfec4010bf7.vir,1
27bf537332cd8d7c9d2652d042357317.vir,1
27c81f0d48b9e1bff27070090bc1ef80.vir,1
27a1adbb5c8e3d45560e91a53d73e487.vir,0
277bed945573013a2d53cfb0f67daa07.vir,1
27d0d72277e250532a64a6461d66b37b.vir,0
23999cf235716d72462628e538455f96.vir,1
27ca57af9cb74de287f6f7e99b2890b4.vir,0
272ac8204e8463b28960a8f895684612.vir,1
27d33f84321be75cb5495b020ef15ae7.vir,0
27df719a68921ea5921ff5fa0cfd39bc.vir,0
27ab60e9523773031bd1e0304d6a755e.vir,1
2704b1e4806a141f726850cc96cc3086.vir,0
27f1ec3d427b108b88b519687201c95f.vir,1
280bf4f7d21f7fc45d20af372ea74f6f.vir,0
27ee84da28547c25cba11b5336125da5.vir,1
27d361a10fd9bbd086b78dffc5f5a498.vir,1
2654bc1acddd9c6e2e8a386cefa6d822.vir,1
281ee7ce3569a0447cb4b8071fb63a9b.vir,1
280cecc09fce929abe406f5fa87df62c.vir,1
2825d42bd7ea219b0aaaff1f8fca5bfa.vir,0
27cad1b06467d6e5d1641a148e25bead.vir,1
27f3b0eb0ae1de4107346c93ce65c8b2.vir,1
28668e3ec7d682a68d6e3fa9d7acad03.vir,1
287b8c040ccf1b651e07d52423840bbe.vir,0
2837bae4fa61f584cbfe3cd219fdf7ca.vir,0
2816737b14529c7a418a0b4e5d3c0d36.vir,0
277d00c9de31e340c430acf6fb9fc9dc.vir,0
2822cf15e9997c1230403e295bc607a8.vir,1
2764eff8a58c9191ae58d620852070f3.vir,1
282284cf817b8478a8f03140f9f8639b.vir,1
289e7263c31fe81129e18447cc55ddf1.vir,1
28a3052902b09c460fb92b867cec0470.vir,1
2838bf215eb60819cc0a816c5700abe7.vir,1
28a31ba8a869ce4e188bfb28ef8f39ea.vir,1
28d124cf0920c7b7db897bc668b22c98.vir,1
278a548ea1dacbcdfa5d6955e42dd84a.vir,1
2895407b321fa24c3461a99221b59fcc.vir,1
2728e209b8c8bdcc333ea6b619b17a84.vir,1
28d8dbb3c28a07e8499ccc27f51c1876.vir,1
27c3522cd2cccaebc06ff7f9b24495ad.vir,0
28f9d55c6472e465c35d78fc09ee20cd.vir,1
28fab649f0ce3fc7254540db8cadf449.vir,0
28fa61b881f54cc11f7158e0242e5f25.vir,1
2901b7b70af3323e60b0c894327dee90.vir,1
290d02170ead800ff4b8fd3fc98a82f5.vir,1
291747a400e871ce2a464fa7edbebc59.vir,1
2917f75af5033f0772296b2f80398946.vir,1
288992f4c2e375107b9209e0e79b2d6b.vir,1
2928c59c120f2f7cf8a464bfd2a9d748.vir,1
28ec12c1411257f0fd9efdb4a1010917.vir,1
2929e8b3e94d5ebc851976bec002b757.vir,1
28d7549553dda65f3a748d4414c84535.vir,0
28ab9a50b822a828827a2a80010b1245.vir,1
240753d94ace907b49fa91880d3f72c2.vir,1
29422a3f0bb07912722eaca69dab1c39.vir,1
29384c66cf1ada2acbf96839b39ca5d3.vir,1
2938909ff07da45f4926968f69f651e3.vir,1
295f5f30fd6fb34ab61860d18adb6249.vir,1
28c0d6aa66555261d77f49e644024b42.vir,1
27d21a30d47e3ac063eebc65f0e9f337.vir,0
28c1a4ef3a610a56377afd85fcff1e02.vir,0
2934fd07bc6ed2bed8955838baa2f1c0.vir,1
297ee75fbecb168ef80fef8e575d5efb.vir,1
297c76162bcd7810304763b245a427c5.vir,1
292eceebf910907f885e909c8a8c64e0.vir,1
298392dc80e58581642f2a1b6352681a.vir,1
299ce3416c291516d9fadf1713e4bd89.vir,1
27facd1c60acce7ff5aaf5f1f367653c.vir,1
28f640c1f8e7c7986f803887e97aa0f6.vir,0
297c65ffd2befe164fff4204a3fe2bdc.vir,1
29a4e832226b9a51aab48ba579ef87bc.vir,1
29dfbd20d2364742b701cc2f0f3aa589.vir,1
29931c3197eab637af14b6b5578975c4.vir,1
29eb6ce6675dec6e045e55365401e310.vir,0
29e119de4f9849e0956b1ae9fce7360c.vir,1
29ec6c24ff2784dba5673758ab7c22c9.vir,1
2893f7ecd5e8b2bf8c6da42ce2d95d31.vir,1
29f7d8c630fab021aca4490d4025bc54.vir,0
287c30140e31baacc6ce7e0ddfd86092.vir,1
29e07a6b1853ff8ba4b985df562ed763.vir,1
29f17cdd36739451e1546163b62da1bb.vir,1
2a0659c44f1d356fd40ec33b03322b05.vir,1
2a18777b9d2d6c1e9950e6242b05c1df.vir,1
2978295d70868abf9fc364f575d0eba6.vir,1
2a2dc51d8ea4143145f76d83f62e9e5c.vir,1
299dd346b0a6bfe51bc9c217c9693dac.vir,1
2a1346261817057a85b58e678a357113.vir,1
2a484f706d32382899cc7f5c1891eb0b.vir,0
293c2d1300ce80ebd07f5efadb227646.vir,1
2a5e746bc40b8fc6424541a304e0e030.vir,1
2a4c0c7fd2dc79d0fd32a8ef9d2840e6.vir,0
2a46964c0adf27a27cd8db9fe26ee55d.vir,1
2a6e05609629168e3962ed9983bf5f76.vir,0
2a6268b64e3fc27b29ef1ab81202fc3b.vir,1
2a32b2b15d42de59f7601b60a7794dc9.vir,0
2a493e9bffea15ab89b96507b4805ff0.vir,0
29ef02ff2a21c733077b0d91e7c23b72.vir,1
2a8f76d6a498585d560f07dba7797643.vir,0
2a612accb72f4dd407f188cf9c04ece3.vir,1
2a8ceea6e2a3d063aaaa092670304dbe.vir,1
2a7f5dceba43fc1ce5eda8c5a310ffda.vir,1
2905dcf08f17944344033b45a554fbd0.vir,0
24f124f851a92e9da16fdbd33af3f7e2.vir,1
2aa2edb8c3e3ad4140d4adb4f80f6771.vir,0
2ade19e0f04c336a0f5bb764e2c80c2b.vir,0
2ae2962389ee00c2c61619f8fb4df697.vir,1
2a98f14a89a29c8d720fed604790f61c.vir,0
2ad4fd6d4e1b3b6a4415835210081816.vir,1
2adc1cf0e2e9638e90980c11596fc827.vir,0
2aedb9cac5fdc1410cabc541817ce45d.vir,1
2a7a4378adb338a0d2bbe95a32824c91.vir,1
209a30f611ba28cf1a73dd5ebd6d2679.vir,0
2aa13c5912c0c26eea28d06f165ff40f.vir,1
2b090360481317a12aebbbb1b409d4e5.vir,1
29c6fc39727c82abf7a2fa8e03fd8692.vir,1
2afb059cdd97c62b6d43b4b4a4d7c84f.vir,1
2b211135712b165e174c2bbfb10ce5db.vir,1
2ae58823cc9d1b5a139405851dfbfaed.vir,0
2b24fad16a35dc0b67acac91b1ee0a6f.vir,1
2b2c7e78660b01eaa94bd21e0b5c183b.vir,0
294718b66431a2a584535e6d32880acd.vir,1
2b39d8dad1cf837526833c182a840f22.vir,0
2b34e0d7f0cbe1fd4b7bf36b2f4e984d.vir,0
2b143634b7e1b8ac206d10102c7b6c84.vir,1
2b45c3808b3bc3f2e4e072c0965cf357.vir,0
2b05970058af16fc10da2d1481df8217.vir,1
2b01cdf17753860703d3042b574062ec.vir,0
2b4f7bd8c1fa9d4daafa3b94549a1649.vir,1
2b46d3792b887e00e1160eb5d2f8f635.vir,1
2a801a13b995d03ad32d0c24bf47dac6.vir,1
2b5e68faab8fc27cc7ecc3fe73adb35e.vir,1
2afa41d6ac49e4f58f7a24948e2bef86.vir,0
2b7c6f86dbcc3c9f399601b15c76c112.vir,0
2b3b7b02e205f5fddc4b51d4d23c0d87.vir,1
2b8cbf75d3cf3d3a69badb368679a8be.vir,0
2b630bf2025ca0bbcbf3c97665a27a12.vir,1
2b222f54723af4d35b8bd1de7bfa6f91.vir,1
2b2002698b155cbad5e9c92fbc41dc79.vir,1
2bb115d98745af32e510edfadac98221.vir,1
2b89b30c86776bee929395ce4bf1b35f.vir,1
29aa39d0d784c8e6acc6d139110ba878.vir,1
2a5e4956f760f45a1409d439fc75d307.vir,1
2ba210a3e07b3b6e0b288114207b9a3a.vir,1
294ccfbf55d3b482bf0e8c241b7024f3.vir,0
2a3b7402ac053338b9c9067e3edd463f.vir,1
2bb18b653435592a08243c5ece11ba02.vir,0
2bc72ba21c8806787dc14607ffa5a3fd.vir,1
2b3fa18343a1001dde582b445d3a9291.vir,1
2bc6ff31f796b5b24aad9617eb35e795.vir,1
2bc73bc837bbef80836811929555a8bd.vir,1
2be59306e16e0fbd7dfdff7d8b52104b.vir,1
2ac8b40d57c143da3132d4d6620f03ef.vir,1
2bd5a700ad4114d798f57cb0ed536792.vir,0
2bd568265b715c5b6c056ba79b745869.vir,1
2bdcbb8c344fbd918c5d5eaba05ca415.vir,1
2bef3b0ecee07e80f54af7e6921c6a4f.vir,1
2befc19ce9433fe0a4d8ed200e162dc6.vir,0
2bfa3048f7a0a4f88db31c5377a5f3e6.vir,1
2bec0900a28e0feedc40c1602350dafb.vir,0
2bc18d60dd158a63f58086c91c7315d6.vir,0
2be5e668fad1df8436344f4d7bce65d2.vir,0
2c0722ac8ca555299f198d23b85d4cf7.vir,1
2b6b8e979b6d091d152253572d3f507b.vir,1
2c001d909f010ad338ce9e2f5a573b98.vir,1
2c2197c6887c34e62072a468871bbf41.vir,1
2c3a4fc09e55f0ae77dfd6f187a9bb49.vir,1
2be6671e8da8b96e3f6e3f9f538aef00.vir,1
2bf2217aecc9370756b482e6c2f0233e.vir,1
2c39c3939c407fec119476944d6d065f.vir,1
2ba6677270949539e11dff7cedcdd321.vir,1
2c4d9e484fe6eb17be0002a54f9940a8.vir,1
2c24759b9ac599fc5b635852c569a703.vir,1
2c4e29f1d4df6066817a9e5245bf04b8.vir,1
2c3bba16aaec8e69bf51f743a3f216d0.vir,1
2c58e508c0fb663c2f9b4f2a8d8459f9.vir,0
2bc4bca78574e1182f46ccab22a35ba6.vir,0
2b12444974c74e862282171b06552f34.vir,1
2c63cc3f87347a16a3968cfac6f55704.vir,1
2c1fa9fac7a6b2cbe0fad8d3b1272d8f.vir,1
2980c0b34ae99186e80bcb90f0c8045d.vir,1
2c8506e1a8c53ba2f58dbb9225fb4e20.vir,1
2c7b07e3cc8acd06477cf5fed85fbe7d.vir,1
2c73036fa003604dbbd1c7f66f46ad6c.vir,1
2c9419f6d50ec12af5793da403c7ed91.vir,0
2c89c8486b93c592e9facb8c5ae00851.vir,1
2cac7611dbf7ccb995b6ce072558b15e.vir,0
2c77d0b6198e40d695ee23307c6b2c30.vir,1
2cbd16c64318a3b16fccbedfe64ecacb.vir,1
2bbfdae410d826dcc00d0431e7818605.vir,1
2c6cff7fd0bb666dfea0d4aff937f55d.vir,1
2cd54ea2da84931444802f4edd66bdc9.vir,1
2c3d4f6bb81ceb5b43979c56b38997ed.vir,1
2c9150738b7290b8a52d7e3317860df0.vir,1
2c586878a8e84792ec95d4bb7f8fedba.vir,1
2cde3a8922a0034329be8e4853edbada.vir,1
2cdb6941055be3d9e82a7c71d11e4599.vir,1
2ce2318f6c681a9ae4b99d73d91e7510.vir,0
2c4c64d4863ea7077be150f81c932395.vir,1
2c9a6596dfcf8c28bfa030ef0922119d.vir,0
2ce01e695f761f46820bf56f457ff408.vir,1
2c7183dc964c9ab8f33919d086598b3e.vir,1
2cd84cbd4cf1a86d79d10496740cd75c.vir,1
2cf4daac57c6dfdf701d95f941e9264c.vir,1
2d03f8c1c652b347c1cc5ee289ac9606.vir,1
2b688c7c922b027422699fe62185b2bc.vir,1
2cbc3151a17cf37dfc4c286b910e3f96.vir,1
2d11e4a55182892cd04163cfbf02bd97.vir,1
2cd1b24433f4274e94618a3e5609d659.vir,1
2d05faad6631a230fb4e8e6810959b64.vir,1
2ce6e99f522f45ba25fbd2fe8ca9a712.vir,1
2be4ee15c03aa9bea8d2b8158d753a65.vir,1
2cf0ef349d266d040fd9a7c72932b01d.vir,1
2cd934ff2b371be2a4a4d5bef0195c6b.vir,1
2d388c54e9fce452e9abffd9f6c9a072.vir,1
2d4921e940d9440e181325581ba35f00.vir,0
2d1fe77dbe5df8ce4c8e4f4ae4c675ee.vir,1
2ccb12f0d57a5ce7d53f8d86f86bb1fe.vir,0
2d1e63d06e55f2e51b2d32ff3fab8758.vir,1
256b6425c9f85bfd014556395b90c473.vir,0
